UserID,FavoriteGenres,WatchedMovies,EvaluationMoviesTheyWillLike,AvgDescriptionReadTimeSeconds,ProfileType
U01,"Action, Crime, Thriller","The Chase, Sister, Sister, Brian Regan: Nunchucks and Flamethrowers, Murder Mountain, Anon, Bloodline, The Call","IO, El Dragón: Return of a Warrior, Jim Gaffigan: Beyond the Pale",14,Action/Crime
U02,"Action, Sci-Fi","Worn Stories, Comedians in Cars Getting Coffee, Broken, Forgetting Sarah Marshall, Sinbad: Nothin' but the Funk, Sebastian Maniscalco: What's Wrong with People?, The Meyerowitz Stories (New and Selected)","True: Wonderful Wishes, Gad Elmaleh: American Dream, Dragons: Dawn Of The Dragon Racers",55,Action/Sci-Fi
U03,"Comedy, Romance","Dave Chappelle, Firefly Lane, The Last Days, Headspace Unwind you Mind, Sorry to Bother You, That Girl Lay Lay, Holiday in the Wild","Saving Capitalism, How to Become a Tyrant, The Most Assassinated Woman in the World",20,Comedy/Romance
U04,"Drama, Romance, Mystery","VeggieTales in the City, Aziz Ansari: Right Now, Puss in Book: Trapped in an Epic Tale, Pet Sematary, Flaked, Next in Fashion, Synchronic","Nate Bargatze: The Tennessee Kid, Brad Paisley's Comedy Rodeo, The Lost Husband",19,Drama/Romance
U05,"Sci-Fi, Thriller","Jo Koy: Live from Seattle, Trollhunters: Tales of Arcadia, I Am Not Your Negro, Unbelievable, The Imitation Game, Middle of Nowhere, Challenger: The Final Flight","Little Boxes, In Our Mothers' Gardens, Imperial Dreams",38,Sci-Fi/Thriller
U06,"Fantasy, Adventure, Family","Blitz Patrollie, Too Hot to Handle, Mank, You Get Me, Shrek Forever After, Narcoworld: Dope Stories, Waffles + Mochi, A Fairly Odd Summer","David Cross: Making America Great Again, Sextuplets, Historical Roasts",28,Fantasy/Adventure
U07,"Animation, Family","Tales of the City, Margin Call, Barbie & Chelsea: The Lost Birthday, The Princess Switch, Tread, Hannibal Buress: Comedy Camisado, Kung Fu Panda Awesome Secrets","Cooked, The Last Shaman, Framing John DeLorean",24,Animation/Family
U08,"Horror, Thriller","Blood Diamond, Transformers: Cyberverse, Ron White: If You Quit Listening, I'll Shut Up, Shameless, Salt Fat Acid Heat, Nightcrawler, Challenger: The Final Flight","Adventure Beast, Taxi Driver, Roxanne, Roxanne",38,Horror/Thriller
U09,"Mystery, Crime","Jo Koy: Live from Seattle, Skin Decision: Before and After, Bonding, The Do-Over, Girl on the Third Floor, The Water Man, Roma","Beyond Stranger Things, The Beguiled, Burning Cane",40,Mystery/Crime
U10,"Drama, Mystery, Romance","Bending the Arc, Whitney Cummings: Money Shot, Inspector Gadget, Sex, Love & Goop, LEGO Friends: Girls on a Mission, Dream/Killer, Pinkfong & Baby Shark's Space Adventure","A StoryBots Christmas, GAME ON: A Comedy Crossover Event, The Witcher Bestiary Season 1, Part 2",37,Drama/Meaningful
U11,"Action, Crime, Thriller","Bill Burr: Paper Tiger, Naked, Race: Bubba Wallace, To All the Boys I've Loved Before, Vir Das: Abroad Understanding, Cop Out, Banana Split","The 2nd, Abducted in Plain Sight, The Ice Road",35,Action/Crime
U12,"Action, Sci-Fi","War of the Worlds, Liberated: The New Sexual Revolution, Athlete A, An Imperfect Murder, Christmas with the Kranks, The Foreigner, My Heroes Were Cowboys","Dark City Beneath the Beat, Tig, Total Recall",16,Action/Sci-Fi
U13,"Comedy, Romance, Family","Michael Lost and Found, Disenchantment, Bullsh*t the Game Show, Friendsgiving, Really Love, Supergirl, Sarah Silverman: A Speck of Dust","Ram Dass, Going Home, Yes Day, The Queen's Gambit",45,Comedy/Romance
U14,"Drama, Romance, Mystery","Bloodline, Ugly Delicious, Revelations: The Masters of the Universe: Revelation Aftershow, Brian Regan: On the Rocks, Springsteen On Broadway, Immigration Nation, Let It Snow","Escape from Planet Earth, The Incredible Jessica James, Stretch Armstrong & the Flex Fighters",26,Drama/Romance
U15,"Sci-Fi, Thriller, Mystery","Radium Girls, Extinction, Sense8, Intrusion, Maid, LEGO Friends, Catch and Release","Dirty Money, Dunkirk, Master of None",35,Sci-Fi/Thriller
U16,"Fantasy, Adventure","Shrek the Musical, Spectral, Transformers: Robots In Disguise, The Innocence Files, Monty Python: Almost the Truth (The Lawyer's Cut), Fear City: New York vs The Mafia, Inside Bill's Brain: Decoding Bill Gates","Under Suspicion, Terminator 3: Rise of the Machines, LEGO Friends: Girls on a Mission",50,Fantasy/Adventure
U17,"Animation, Family, Adventure","The Trap, He's All That, Strong Island, Biggie: I Got a Story to Tell, Survivor, Life of Crime, Trollhunters: Rise of the Titans","The Netflix Afterparty: The Best Shows of The Worst Year, Sir! No Sir!, Southern Survival",45,Animation/Family
U18,"Horror, Thriller","The Outcasts, Synchronic, The Chase, LEGO Marvel Super Heroes: Black Panther - Trouble in Wakanda, Best of Stand-up 2020, Bert Kreischer: The Machine, The Princess Switch: Switched Again, FTA","Hyperdrive, Frank and Cindy, The Kindness of Strangers",14,Horror/Thriller
U19,"Mystery, Crime, Thriller","7 Days Out, Trivia Quest, Colin Quinn: The New York Story, Masters of the Universe: Revelation, The Giver, ReMastered: Tricky Dick & The Man in Black, Sorry to Bother You","The Alpinist, Backdraft 2, Duck Butter",32,Mystery/Crime
U20,"Drama, Mystery, Sci-Fi","Spectral, Eli, Our Brand Is Crisis, Amend: The Fight for America, Untold: Malice at the Palace, The Exorcist, A Little Help with Carol Burnett","Unbreakable Kimmy Schmidt, A Nightmare on Elm Street, Orange Is the New Black",31,Drama/Meaningful
U21,"Action, Crime, Adventure","White Hot: The Rise & Fall of Abercrombie & Fitch, In the Line of Fire, Redemption, The Laundromat, Iliza Shlesinger: Elder Millennial, Joan Didion: The Center Will Not Hold, The Cave","Family Reunion, The Babysitter, Mercy",32,Action/Crime
U22,"Action, Sci-Fi","Unsolved: The Murders of Tupac and The Notorious B.I.G., My Heroes Were Cowboys, Margin Call, Transformers: Rescue Bots, Mama Drama, My Suicide, Senzo: Murder of a Soccer Star","High on the Hog: How African American Cuisine Transformed America, Spelling the Dream, The One",45,Action/Sci-Fi
U23,"Comedy, Romance, Drama","Mission Blue, Aziz Ansari: Buried Alive, The Netflix Afterparty: The Best Shows of The Worst Year, The Phantom, Last Chance U, Lego Jurassic World: The Secret Exhibit, Neymar: The Perfect Chaos, Bethany Hamilton: Unstoppable","The Wedding Coach, The Titan, Free Birds",34,Comedy/Romance
U24,"Drama, Romance, Comedy","The Package, Monster, Phantom Thread, Frat Star, The Eddy, Rust Creek, Trial 4","Canvas, Alone, The Crystal Calls - Making The Dark Crystal: Age of Resistance",55,Drama/Romance
U25,"Sci-Fi, Thriller, Action","History of Swear Words, Hope Frozen, A Haunted House 2, The Debt Collector, Dirty Money, Stuart Little 2, The Circle, I Know What You Did Last Summer","Extinct, African Knock Out Show, Party Monster: Scratching the Surface",35,Sci-Fi/Thriller
U26,"Fantasy, Adventure, Action","The Wonderful: Stories from the Space Station, Shirkers, VeggieTales in the City, Eddie Murphy Raw, The Boy Who Cried Werewolf, The Spiderwick Chronicles, My Next Guest Needs No Introduction With David Letterman","John Was Trying to Contact Aliens, Worth, Jo Koy: In His Elements",35,Fantasy/Adventure
U27,"Animation, Family, Adventure","And Then Came Lola, Community, Loo Loo Kids Johny & Friends Musical Adventure, The Boy Who Cried Werewolf, Stowaway, Siberia, Christmas in the Heartland","Adventure Beast, Felipe Esparza: Bad Decisions, Bill Hicks: Reflections",16,Animation/Family
U28,"Horror, Thriller, Crime","True Tunes, Seven Seconds, Monster, E-Team, London Hughes: To Catch A D*ck, If I Leave Here Tomorrow: A Film About Lynyrd Skynyrd, Velvet Colección: Grand Finale","Léa & I, Wish Upon a Unicorn, The Ottoman Lieutenant",30,Horror/Thriller
U29,"Mystery, Crime","Dream Home Makeover, Asperger's Are Us, EastSiders, 6 Bullets, Home Game, The Wind, If Anything Happens I Love You","Shimmer Lake, Tom Segura: Disgraceful, Tyler Perry's A Madea Homecoming",32,Mystery/Crime
U30,"Drama, Mystery, Romance","Knock Down the House, The Road to El Camino: Behind the Scenes of El Camino: A Breaking Bad Movie, A Cinderella Story, Katt Williams: Kattpacalypse, The Contractor, Screwball, In the Dark","Nailed It! Spain, Newness, One of Us",32,Drama/Meaningful
U31,"Action, Crime, Thriller","From Dusk Till Dawn: The Series, Reversing Roe, Joe Rogan: Triggered, Asperger's Are Us, Waffles + Mochi, Bobbleheads: The Movie, Narcos","Trash Truck, To and from New York, Terrorism Close Calls",14,Action/Crime
U32,"Action, Sci-Fi, Adventure","Broken, Keith Richards: Under the Influence, Christmas in the Heartland, The Stand at Paxton County, Animal Crackers, Frank & Cindy, The Business of Drugs","Death Note, Bobby Kennedy for President, I Think You Should Leave with Tim Robinson",16,Action/Sci-Fi
U33,"Comedy, Romance","Hype House, Lavell Crawford: Can a Brother Get Some Love?, Blade: Trinity, Action Pack, Donnie Brasco, Escape from Planet Earth, Mowgli: Legend of the Jungle","First and Last, Selling Tampa, Ink Master",22,Comedy/Romance
U34,"Drama, Romance, Comedy","Care Bears and Cousins, A Cinderella Story: Christmas Wish, David A. Arnold Fat Ballerina, American Factory: A Conversation with the Obamas, Abducted in Plain Sight, Invader ZIM: Enter the Florpus, I Am Sam","Sense8, Winter on Fire: Ukraine's Fight for Freedom, Adrift",40,Drama/Romance
U35,"Sci-Fi, Thriller","Marco Polo: One Hundred Eyes, Historical Roasts, The Guns of Navarone, Miles Davis: Birth of the Cool, Hasan Minhaj: Homecoming King, Calum von Moger: Unbroken, Take Your Pills","The Mind, Explained, American Ultra, Annabelle: Creation",38,Sci-Fi/Thriller
U36,"Fantasy, Adventure, Action","Work It, Sex: Unzipped, Our Great National Parks, Collateral Beauty, Puerto Ricans in Paris, Norm Macdonald: Hitler's Dog, Gossip & Trickery, Destination Wedding","Johnny Test, Schulz Saves America, Fast & Furious Spy Racers, We Speak Dance",22,Fantasy/Adventure
U37,"Animation, Family","The Texas Chainsaw Massacre: The Beginning, The Devil Below, The Men Who Stare at Goats, The Mars Generation, Monster House, The One, Marjoun and the Flying Headscarf","The Lost Pirate Kingdom, Angela's Christmas Wish, Heaven Official's Blessing",38,Animation/Family
U38,"Horror, Thriller","Halston, Extinct, Frank & Lola, Strawberry Shortcake, Aftermath, Argo, White Rabbit Project","Death at a Funeral, Santa Clarita Diet, Bert Kreischer: Hey Big Boy",14,Horror/Thriller
U39,"Mystery, Crime","Waist Deep, I Will Follow, Hotel Transylvania: The Series, Kevin Hart: Don't F**k This Up, Elena, Norm Macdonald Has a Show, Grown Ups","The Babysitter: Killer Queen, The Replacements, We Can Be Heroes",37,Mystery/Crime
U40,"Drama, Mystery, Romance","Contagion, Dragons: Rescue Riders: Secrets of the Songwing, Team Zenko Go, America: The Motion Picture, Weapon of Choice, Get Me Roger Stone, HAPPY!","Hello, Privilege. It's Me, Chelsea, Awakenings, After",19,Drama/Meaningful
U41,"Action, Crime","Maz Jobrani: Immigrant, War Machine, Girlboss, Poms, My Own Man, Trevor Noah: Son of Patricia, Carmen Sandiego: To Steal or Not to Steal","Joe Rogan: Strange Times, The Forty-Year-Old Version, Awake: The Million Dollar Game, The Kissing Booth 3",18,Action/Crime
U42,"Action, Sci-Fi","Weapon of Choice, Jim Gaffigan: King Baby, Adam: His Song Continues, Los Briceño, una familia todo terreno, How to Be A Cowboy, The Blacklist, Jeff Dunham's Very Special Christmas Special","Forgive Us Our Trespasses, Wormwood, Conversations with a Killer: The John Wayne Gacy Tapes",30,Action/Sci-Fi
U43,"Comedy, Romance","Headspace Guide to Meditation, I Don't Feel at Home in This World Anymore, The Principles of Pleasure, Hasan Minhaj: Homecoming King, Todd Glass Talks About Stuff, Hollywood, First Sunday","Extinction, Come Sunday, Cannon Busters",22,Comedy/Romance
U44,"Drama, Romance","The Long Dumb Road, Doom: Annihilation, Inside the Criminal Mind, Blue Jay, Trial 4, Breaking Boundaries: The Science of Our Planet, Small Crimes","David A. Arnold Fat Ballerina, Monty Python: Live at Aspen, Miss Americana",40,Drama/Romance
U45,"Sci-Fi, Thriller","Age of Samurai: Battle for Japan, Major Dad, Arlo the Alligator Boy, 72 Dangerous Animals: Asia, Rush, Chicago Med, You Get Me","The Last Dance, John Mulaney & The Sack Lunch Bunch, Last Chance U",25,Sci-Fi/Thriller
U46,"Fantasy, Adventure","The November Man, Jane the Virgin, Biggie: I Got a Story to Tell, Trollhunters: Tales of Arcadia, Falsa identidad, Brainchild, Mystery Science Theater 3000","Living Undocumented, Silent, Sex, Love & Goop",20,Fantasy/Adventure
U47,"Animation, Family","Raising Dion, Dirty John, Cuba and the Cameraman, No One Gets Out Alive, White Hot: The Rise & Fall of Abercrombie & Fitch, Power Rangers Ninja Steel, Monster-in-Law","Heavy, The Perfect Date, What Would Sophia Loren Do?",15,Animation/Family
U48,"Horror, Thriller","A Princess for Christmas, If Anything Happens I Love You, Justice, Let Me In, Top Gun, Love, Death & Robots, 100 Things to Do Before High School","Sankofa, Sucker Punch, The Speed Cubers",28,Horror/Thriller
U49,"Mystery, Crime","Amar, Our Brand Is Crisis, The Witcher Bestiary Season 1, Part 2, Dogs in Space, The F**k-It List, Metal Shop Masters, The Ryan White Story","It Follows, The Iliza Shlesinger Sketch Show, Strange Weather",35,Mystery/Crime
U50,"Drama, Documentary","Redemption, Frank & Cindy, He Never Died, The Minimalists: Less Is Now, Cleaner, Spenser Confidential, Ada Twist, Scientist","The One, The Saint, Historical Roasts",50,Drama/Meaningful
U51,"Action, Crime, Thriller","Fuller House, Burning Cane, Silent, The Last Samurai, Counterpunch, Velvet Buzzsaw, The Blind Side","Rodney King, Icarus, Holiday Rush",19,Action/Crime
U52,"Action, Sci-Fi, Fantasy","Kiss the Ground, The Beguiled, Girlfriend's Day, Big Eyes, Jiu Jitsu, Cobra Kai - The Afterparty, A Cinderella Story: Christmas Wish","Mo Amer: The Vagabond, Locke & Key, Historical Roasts",33,Action/Sci-Fi
U53,"Comedy, Stand-Up","Self/less, No Escape Room, Mascots, Demetri Martin: Live (At The Time), Breakfast, Lunch & Dinner, Moesha, I Am Michael","Puss in Book: Trapped in an Epic Tale, Lady Driver, Acts of Vengeance",21,Comedy/Romance
U54,"Drama, Romantic","Super Monsters Save Halloween, Desperados, Day of the Dead: Bloodline, The Outcasts, Pee-wee's Big Holiday, Madam Secretary, Song Exploder","Contagion, Iliza Shlesinger: Unveiled, In the Line of Fire",45,Drama/Romance
U55,"Sci-Fi, Horror","Love Actually, Free Rein: Valentine's Day, Jim & Andy: The Great Beyond - Featuring a Very Special, Contractually Obligated Mention of Tony Clifton, Molly's Game, Queer Eye: We're in Japan!, Cursed, Best.Worst.Weekend.Ever.","Amend: The Fight for America, The Other Boleyn Girl, Extraction",27,Sci-Fi/Thriller
U56,"Adventure, Family","An Evening with Beverly Luff Linn, The Innocent Man, The General's Daughter, Michael Che Matters, The Stand In, Jani Dueñas: Grandes fracasos de ayer y hoy, FIGHTWORLD, Kung Fu Panda Awesome Secrets","A Futile and Stupid Gesture, First Sunday, Quantum of Solace",17,Fantasy/Adventure
U57,"Kids, Anime","Father of the Year, The Old Ways, The Starling, Disclosure, Waffles + Mochi, King of Peking, Tim Allen: Rewires America","NCIS, Shimmer Lake, Wind River",12,Animation/Family
U58,"Horror, Mystery","The November Man, Hey Arnold! The Jungle Movie, Colin Quinn: The New York Story, Girlboss, America's Next Top Model, Dark Skies, Only Mine","Anaconda, 13th, War Machine",31,Horror/Thriller
U59,"Crime, Drama","Living with Yourself, The Mars Generation, Juanita, Fear Street: Part One - 1994, The Cat in the Hat Knows a Lot About That!, Gentefied, Reggie Watts: Spatial","The Meaning of Monty Python, Voices of Fire, Dreamworks How to Train Your Dragon Legends",38,Mystery/Crime
U60,"Documentary, Drama","Benji, Monster, Million Dollar Beach House, Bonnie and Clyde, Britney vs. Spears, Transformers: War for Cybertron: Kingdom, Pac’s Scary Halloween","Johnny Test's Ultimate Meatloaf Quest, Nightflyers, GAME ON: A Comedy Crossover Event",55,Drama/Meaningful
